w_cost,w_risk,w_div,cost_index,risk_index,hhi_concentration,is_pareto
0.4444444444444445,0.4444444444444445,0.11111111111111112,44835.48309174668,40443.55791010111,0.18638568959558552,True
