criterion,weight
B1_geo,0.4246407481781758
B2_channel,0.16551762307988874
B3_economic,0.10787417783374814
B4_stability,0.235186594037491
B5_new_energy,0.06678085687069624
