metric,value
lambda_max,5.079512059158894
CI,0.019878014789723508
CR,0.01774822749082456
consistency_pass,True
